loan_id,account_id,loan_amount,loan_duration,monthly_loan_payment,loan_status,num_days_since_grant
5314,1787,96396,12,8033.0,B,185
5316,1801,165960,36,4610.0,A,191
6863,9188,127080,60,2118.0,A,208
5325,1843,105804,36,2939.0,A,214
7240,11013,274740,60,4579.0,A,248
6687,8261,87840,24,3660.0,A,255
7284,11265,52788,12,4399.0,A,257
6111,5428,174744,24,7281.0,B,266
7235,10973,154416,48,3217.0,A,285
5997,4894,117024,24,4876.0,A,307
7121,10364,21924,36,609.0,A,313
6077,5270,79608,24,3317.0,A,325
6228,6034,464520,60,7742.0,B,334
6356,6701,95400,36,2650.0,A,341
5523,2705,93888,36,2608.0,A,341
6456,7123,47016,12,3918.0,A,342
7104,10320,259740,60,4329.0,A,346
6820,9034,38148,12,3179.0,A,349
6876,9236,86616,12,7218.0,A,354
7097,10266,75624,24,3151.0,B,356
4959,2,80952,24,3373.0,A,369
6499,7401,80952,24,3373.0,A,369
5479,2486,24516,12,2043.0,A,374
5170,1071,253200,60,4220.0,C,384
6721,8475,21072,24,878.0,A,385
7259,11111,108144,36,3004.0,A,395
5285,1603,78936,12,6578.0,A,401
5189,1166,149040,48,3105.0,A,402
6650,8073,49320,12,4110.0,B,412
7226,10940,197748,36,5493.0,A,418
6087,5313,300660,60,5011.0,C,422
7262,11135,182628,36,5073.0,A,424
5519,2694,91632,12,7636.0,A,431
6577,7753,51696,24,2154.0,A,434
6509,7445,55368,24,2307.0,A,438
6520,7485,91200,24,3800.0,A,439
6699,8330,7656,24,319.0,A,453
6336,6555,212400,36,5900.0,A,454
7055,10079,167100,60,2785.0,C,460
6103,5385,149340,60,2489.0,C,461
6202,5891,65184,12,5432.0,A,472
7066,10131,215388,36,5983.0,B,486
6696,8321,89040,60,1484.0,C,493
6072,5256,193968,36,5388.0,A,494
5130,813,24312,12,2026.0,A,495
5568,2933,272520,60,4542.0,C,501
6678,8173,80340,12,6695.0,A,504
6998,9833,97632,12,8136.0,A,505
6580,7769,196080,48,4085.0,A,506
6316,6473,76908,12,6409.0,B,510
6512,7454,63312,48,1319.0,A,510
6407,6930,25944,24,1081.0,A,510
5002,173,104808,12,8734.0,A,515
6647,8051,208320,48,4340.0,A,516
7137,10439,151560,24,6315.0,A,518
6903,9337,52128,24,2172.0,A,519
5918,4576,300204,36,8339.0,A,519
6642,8027,77640,12,6470.0,A,520
6210,5927,87216,48,1817.0,B,521
6279,6273,87360,24,3640.0,A,522
7249,11065,69360,48,1445.0,A,527
6736,8558,288360,60,4806.0,C,529
6112,5442,174744,24,7281.0,B,532
5319,1811,239460,60,3991.0,C,538
6596,7844,91584,24,3816.0,A,540
5837,4260,244560,60,4076.0,C,544
5657,3354,4980,12,415.0,A,550
5533,2762,111384,24,4641.0,A,550
6232,6051,276660,36,7685.0,B,553
6888,9265,39576,12,3298.0,A,556
6066,5228,173808,24,7242.0,A,556
5549,2824,50460,60,841.0,C,561
5060,426,252060,60,4201.0,D,564
6004,4937,143904,24,5996.0,A,568
5126,790,208128,48,4336.0,B,569
7220,10911,131292,36,3647.0,A,573
6668,8129,74736,36,2076.0,A,575
5395,2176,299088,36,8308.0,B,575
6836,9093,189300,60,3155.0,C,579
6064,5215,14628,12,1219.0,A,580
6919,9403,120888,36,3358.0,A,581
6841,9104,172080,48,3585.0,A,583
6038,5120,323472,48,6739.0,A,586
6729,8519,74688,12,6224.0,A,587
7198,10788,45768,12,3814.0,A,599
6686,8260,224604,36,6239.0,A,601
5836,4259,79632,24,3318.0,A,603
7061,10105,121896,24,5079.0,A,603
5595,3050,82896,12,6908.0,A,609
5723,3674,23628,12,1969.0,A,617
6120,5481,209184,48,4358.0,A,618
6895,9307,41904,12,3492.0,A,626
5882,4427,87816,12,7318.0,A,633
5754,3834,23052,12,1921.0,A,635
6594,7824,189696,24,7904.0,B,635
6738,8566,230220,36,6395.0,B,636
6624,7965,71460,12,5955.0,A,637
6216,5952,141240,24,5885.0,A,637
6229,6040,11736,24,489.0,A,639
5887,4448,192744,36,5354.0,A,640
6808,8982,227880,36,6330.0,A,649
6297,6363,17508,12,1459.0,A,662
5161,1012,98184,24,4091.0,A,665
5390,2167,170256,24,7094.0,A,667
6150,5622,83016,12,6918.0,A,670
6223,5991,61056,48,1272.0,A,671
5032,290,123696,48,2577.0,A,671
6253,6148,59760,24,2490.0,A,672
6460,7133,48672,36,1352.0,A,674
6645,8041,140400,36,3900.0,A,674
5176,1106,192552,24,8023.0,B,680
5269,1527,164052,36,4557.0,B,687
5351,1978,205200,36,5700.0,A,702
5861,4337,51408,24,2142.0,A,706
5450,2345,199680,60,3328.0,C,709
7142,10451,482940,60,8049.0,D,717
6306,6425,36684,12,3057.0,A,718
6272,6226,398640,60,6644.0,C,718
5044,344,100980,60,1683.0,C,719
5576,2962,31248,12,2604.0,A,719
7192,10738,115992,36,3222.0,A,719
5739,3747,76380,12,6365.0,A,731
6526,7523,288468,36,8013.0,A,732
5624,3166,177744,48,3703.0,D,732
6244,6118,270648,36,7518.0,B,737
5131,816,48624,24,2026.0,A,737
6960,9640,76416,24,3184.0,A,740
6358,6715,137880,60,2298.0,D,743
5418,2245,347952,48,7249.0,C,745
6598,7857,68112,12,5676.0,A,747
5464,2419,95808,12,7984.0,A,759
6591,7819,20832,48,434.0,C,762
5724,3678,316140,60,5269.0,D,765
6315,6472,43164,12,3597.0,A,766
5876,4413,221280,48,4610.0,C,768
6986,9750,151728,48,3161.0,D,771
6294,6353,79920,60,1332.0,C,772
5132,817,538500,60,8975.0,C,777
5877,4414,97224,24,4051.0,A,783
6227,6030,28248,24,1177.0,A,792
7241,11021,168984,24,7041.0,B,792
6737,8564,76680,24,3195.0,A,799
7004,9869,331560,60,5526.0,C,803
6169,5700,103680,60,1728.0,D,804
5208,1247,99696,48,2077.0,D,804
6694,8316,134784,24,5616.0,A,807
5599,3064,15420,12,1285.0,A,809
6546,7607,31728,24,1322.0,A,815
5414,2228,185952,48,3874.0,C,817
5453,2361,156672,36,4352.0,A,820
5740,3752,18564,12,1547.0,A,821
5804,4079,158976,48,3312.0,C,824
6745,8625,47304,24,1971.0,A,829
6950,9591,104712,24,4363.0,A,830
6996,9828,126600,24,5275.0,A,832
5352,1993,68400,12,5700.0,B,834
6151,5628,225420,60,3757.0,C,844
5310,1762,248148,36,6893.0,A,847
5045,347,187224,24,7801.0,B,850
6929,9472,36396,12,3033.0,A,857
5151,960,189060,60,3151.0,C,873
5212,1256,71064,36,1974.0,A,878
5138,854,87216,48,1817.0,C,879
5713,3629,158760,60,2646.0,C,879
6704,8377,417060,60,6951.0,C,881
6474,7190,63360,60,1056.0,C,886
6676,8159,29784,24,1241.0,A,893
6965,9656,139536,24,5814.0,A,893
6725,8489,265320,36,7370.0,A,903
7166,10630,198240,24,8260.0,A,904
7138,10440,60000,60,1000.0,C,913
5970,4774,465072,48,9689.0,C,919
6157,5650,98592,24,4108.0,A,920
6153,5632,285600,60,4760.0,C,935
5693,3489,44088,24,1837.0,A,942
5922,4580,20220,12,1685.0,A,946
5959,4727,107640,24,4485.0,A,952
5980,4825,21396,12,1783.0,A,959
6764,8776,33984,48,708.0,C,967
5237,1375,45336,24,1889.0,A,970
6726,8492,85860,60,1431.0,C,975
6933,9493,188688,48,3931.0,C,981
5145,915,309552,48,6449.0,C,988
7008,9897,36168,12,3014.0,A,994
7227,10942,314520,60,5242.0,C,1004
6600,7861,21852,36,607.0,A,1010
6712,8405,266220,60,4437.0,C,1016
7057,10093,231696,36,6436.0,A,1022
7176,10663,260028,36,7223.0,A,1030
7304,11349,419880,60,6998.0,C,1031
6362,6738,37908,12,3159.0,A,1033
5880,4423,73836,36,2051.0,A,1033
6535,7546,41952,12,3496.0,A,1035
5449,2343,99336,24,4139.0,A,1037
6342,6609,60156,36,1671.0,B,1045
5409,2218,182040,60,3034.0,C,1051
6955,9627,244368,48,5091.0,C,1055
6985,9731,113796,36,3161.0,A,1055
5125,789,73056,48,1522.0,C,1056
5805,4081,137904,24,5746.0,B,1061
6185,5774,31176,24,1299.0,A,1061
7243,11042,217152,36,6032.0,A,1067
6403,6924,194880,48,4060.0,C,1068
6578,7765,27984,12,2332.0,A,1074
5413,2227,92976,24,3874.0,A,1075
6949,9583,104712,24,4363.0,A,1075
6545,7606,191880,60,3198.0,C,1075
6178,5742,232560,48,4845.0,C,1079
5160,1011,204000,60,3400.0,C,1081
6785,8899,125340,60,2089.0,C,1088
6540,7562,309600,48,6450.0,C,1094
6589,7815,189696,24,7904.0,A,1095
5900,4503,135360,48,2820.0,C,1095
5999,4907,98832,48,2059.0,C,1097
6043,5126,20352,48,424.0,C,1105
5482,2496,165120,60,2752.0,C,1106
7263,11138,89880,24,3745.0,A,1113
6013,4995,128988,36,3583.0,D,1128
5750,3804,63252,12,5271.0,A,1133
6027,5066,61656,24,2569.0,B,1135
6303,6400,72408,24,3017.0,B,1137
7213,10884,113544,36,3154.0,C,1138
6659,8092,56100,60,935.0,C,1145
6175,5735,290700,60,4845.0,D,1146
5610,3112,123216,48,2567.0,C,1149
5563,2912,380160,60,6336.0,C,1154
5989,4852,213300,36,5925.0,C,1158
6698,8327,247728,48,5161.0,C,1164
5312,1772,202788,36,5633.0,C,1167
7189,10728,154656,48,3222.0,C,1175
6816,9017,100224,48,2088.0,D,1180
6137,5574,44628,12,3719.0,A,1195
5128,808,215616,48,4492.0,D,1196
5470,2456,200976,48,4187.0,C,1200
5593,3037,277884,36,7719.0,D,1203
5350,1967,249312,48,5194.0,C,1206
6063,5213,320976,48,6687.0,D,1210
6501,7418,30276,12,2523.0,B,1214
5452,2352,49440,60,824.0,C,1214
4961,19,30276,12,2523.0,B,1214
4973,67,165960,24,6915.0,A,1217
6190,5794,123600,60,2060.0,C,1221
6715,8411,220620,60,3677.0,C,1221
5892,4462,66480,24,2770.0,B,1229
6550,7614,320592,48,6679.0,C,1233
5706,3608,161496,36,4486.0,C,1239
5148,940,284280,60,4738.0,C,1244
6734,8547,173016,36,4806.0,C,1245
6109,5422,368880,60,6148.0,C,1249
6961,9645,176148,36,4893.0,C,1252
6810,9006,186384,48,3883.0,C,1254
5494,2572,360000,48,7500.0,C,1259
5311,1766,30060,60,501.0,C,1261
5445,2322,46320,24,1930.0,A,1275
5301,1698,141948,36,3943.0,C,1282
7034,10001,19044,36,529.0,C,1287
6751,8680,85716,36,2381.0,C,1290
6667,8127,155880,24,6495.0,A,1291
6130,5541,32640,48,680.0,C,1294
5429,2268,20196,36,561.0,C,1294
5725,3679,444864,48,9268.0,C,1299
6019,5033,11400,12,950.0,A,1301
6421,6985,96768,36,2688.0,C,1301
6992,9790,133968,48,2791.0,C,1303
5136,846,187104,24,7796.0,A,1304
5337,1886,162468,36,4513.0,C,1307
5495,2580,89340,60,1489.0,C,1309
7013,9928,89340,60,1489.0,C,1309
6012,4994,258444,36,7179.0,C,1310
6471,7184,155640,24,6485.0,A,1311
6296,6358,270384,48,5633.0,C,1313
7305,11359,54024,12,4502.0,A,1313
6144,5593,44376,12,3698.0,A,1316
6283,6289,85632,48,1784.0,C,1318
7246,11054,148920,60,2482.0,C,1327
5088,544,91152,24,3798.0,A,1329
5988,4851,141648,24,5902.0,A,1329
5282,1583,388512,48,8094.0,D,1331
5938,4650,402000,60,6700.0,C,1332
5606,3084,253512,36,7042.0,D,1335
5385,2143,71460,36,1985.0,C,1347
6865,9199,29448,12,2454.0,B,1349
5586,2994,48744,36,1354.0,C,1352
6302,6397,181020,60,3017.0,C,1354
7194,10762,68832,36,1912.0,C,1355
6461,7136,74124,36,2059.0,C,1357
6732,8533,174048,48,3626.0,C,1357
6613,7926,84120,24,3505.0,A,1360
7036,10019,194940,36,5415.0,C,1363
5897,4476,15192,24,633.0,A,1363
6995,9814,96168,12,8014.0,A,1364
5415,2236,139464,36,3874.0,D,1364
7136,10436,54396,36,1511.0,C,1366
7271,11186,392460,60,6541.0,C,1370
5375,2106,101520,12,8460.0,A,1371
5635,3230,77184,36,2144.0,C,1372
6817,9024,70656,48,1472.0,C,1372
5923,4585,64656,48,1347.0,C,1378
5329,1862,396120,60,6602.0,C,1384
6644,8039,93600,24,3900.0,A,1388
6354,6688,22968,36,638.0,C,1391
5082,501,262980,60,4383.0,C,1392
6585,7795,372120,60,6202.0,C,1397
6921,9422,86184,12,7182.0,A,1397
5366,2062,86184,12,7182.0,A,1397
5886,4447,192744,36,5354.0,C,1399
5741,3754,68544,24,2856.0,A,1402
4996,132,88440,12,7370.0,A,1405
6015,5001,110112,24,4588.0,A,1408
6309,6434,110136,24,4589.0,A,1410
6073,5263,276300,60,4605.0,C,1411
6006,4948,359760,60,5996.0,C,1414
5611,3115,321180,60,5353.0,C,1414
6944,9548,46176,48,962.0,C,1414
7101,10297,421008,48,8771.0,C,1417
6599,7859,72120,12,6010.0,A,1418
6940,9510,228276,36,6341.0,C,1421
5209,1250,182640,48,3805.0,C,1424
5388,2153,61560,12,5130.0,A,1427
6011,4981,179328,48,3736.0,C,1427
5591,3021,155616,48,3242.0,C,1433
7154,10520,417600,60,6960.0,C,1434
7130,10411,123408,24,5142.0,A,1440
6818,9030,155616,48,3242.0,C,1441
5625,3189,222180,60,3703.0,D,1444
6805,8972,45024,48,938.0,C,1450
7233,10963,115812,36,3217.0,C,1454
7308,11362,129408,24,5392.0,A,1456
5895,4473,93960,60,1566.0,C,1463
7122,10365,260640,36,7240.0,D,1464
6173,5724,232560,48,4845.0,C,1468
6142,5591,221880,60,3698.0,C,1481
5358,2018,38520,12,3210.0,A,1481
6095,5358,68340,60,1139.0,C,1484
6878,9242,23184,12,1932.0,A,1484
6554,7637,390096,48,8127.0,C,1489
6793,8931,186300,60,3105.0,C,1490
7286,11271,67320,36,1870.0,C,1491
6076,5269,117420,60,1957.0,C,1493
5134,825,53076,12,4423.0,A,1493
5419,2246,415800,60,6930.0,C,1496
6255,6158,247920,48,5165.0,D,1499
5656,3353,146064,24,6086.0,C,1500
6934,9494,116832,12,9736.0,A,1500
6028,5072,317520,60,5292.0,C,1500
6490,7262,73260,60,1221.0,C,1501
6415,6950,475680,48,9910.0,C,1503
7087,10215,44304,24,1846.0,C,1511
5420,2247,72504,24,3021.0,C,1515
5977,4803,59136,48,1232.0,C,1516
6824,9052,71976,24,2999.0,D,1517
5207,1244,35904,48,748.0,C,1519
7115,10351,88704,48,1848.0,C,1523
7250,11069,119136,48,2482.0,C,1523
6010,4969,150180,60,2503.0,C,1525
6088,5317,90180,36,2505.0,C,1526
5682,3455,67464,12,5622.0,A,1526
7201,10807,67464,12,5622.0,A,1526
6938,9504,341280,60,5688.0,C,1529
6875,9235,83280,48,1735.0,C,1532
5953,4715,97176,24,4049.0,C,1533
5942,4681,162624,48,3388.0,C,1534
5382,2134,22932,36,637.0,C,1536
6377,6792,17184,12,1432.0,A,1536
5931,4618,66696,24,2779.0,D,1536
5992,4863,76080,12,6340.0,A,1537
5790,4033,84288,48,1756.0,C,1539
6753,8688,67980,12,5665.0,A,1539
6562,7674,94488,24,3937.0,C,1540
7046,10049,91632,12,7636.0,A,1547
5868,4361,90156,12,7513.0,A,1548
5784,3967,84600,36,2350.0,D,1548
5878,4415,74040,12,6170.0,A,1551
5110,675,102240,60,1704.0,C,1551
5210,1252,148140,36,4115.0,C,1551
7230,10954,18720,60,312.0,C,1552
5005,176,27456,12,2288.0,A,1560
6871,9225,164256,48,3422.0,C,1563
5363,2051,293880,60,4898.0,D,1572
7253,11079,98304,12,8192.0,A,1576
6055,5181,399120,60,6652.0,C,1578
5072,472,196800,24,8200.0,D,1578
6913,9377,99936,24,4164.0,C,1579
6386,6856,124344,36,3454.0,C,1580
5634,3229,39024,12,3252.0,A,1581
5758,3859,307200,60,5120.0,D,1582
6819,9031,50112,24,2088.0,C,1583
7088,10233,239160,60,3986.0,C,1583
5039,314,66840,24,2785.0,C,1583
5532,2754,335280,48,6985.0,C,1584
6037,5118,53232,48,1109.0,C,1584
6322,6510,76992,24,3208.0,C,1586
6887,9263,39576,12,3298.0,A,1588
6660,8094,220428,36,6123.0,C,1589
5451,2350,159744,48,3328.0,C,1591
6014,4999,165168,36,4588.0,C,1598
5556,2872,268320,60,4472.0,C,1599
6346,6649,100260,60,1671.0,C,1602
5850,4293,164196,36,4561.0,C,1602
5940,4660,106944,24,4456.0,C,1608
7119,10361,86880,12,7240.0,A,1613
5253,1447,100080,48,2085.0,C,1614
6851,9138,272220,60,4537.0,D,1614
6695,8320,309660,60,5161.0,C,1615
6908,9353,188616,24,7859.0,C,1619
7255,11096,213300,60,3555.0,C,1620
5674,3418,207264,48,4318.0,C,1621
6278,6265,87360,24,3640.0,C,1621
5486,2516,466608,48,9721.0,C,1624
5174,1093,385104,48,8023.0,C,1624
6621,7957,42900,12,3575.0,A,1625
6313,6461,150912,36,4192.0,C,1626
6435,7045,288720,48,6015.0,C,1627
6970,9677,31620,60,527.0,C,1628
6310,6440,34572,12,2881.0,A,1628
5932,4626,33348,12,2779.0,A,1629
6877,9241,285240,60,4754.0,C,1630
6763,8772,88272,48,1839.0,C,1630
7085,10202,305424,48,6363.0,C,1630
7049,10063,233424,36,6484.0,C,1635
6959,9633,59448,24,2477.0,D,1641
5214,1270,74772,36,2077.0,C,1642
6350,6678,294384,48,6133.0,C,1650
5063,442,357840,48,7455.0,D,1651
5041,319,369000,60,6150.0,C,1652
5086,525,210384,48,4383.0,C,1657
6942,9513,18324,12,1527.0,A,1657
5270,1528,191088,48,3981.0,C,1662
6705,8381,333648,48,6951.0,D,1666
7051,10068,77808,12,6484.0,A,1669
6758,8742,33144,12,2762.0,A,1670
6249,6138,67608,24,2817.0,C,1671
5808,4099,41856,48,872.0,C,1672
5377,2116,92400,12,7700.0,A,1676
5446,2334,48312,24,2013.0,C,1676
5856,4320,51360,12,4280.0,B,1681
4986,97,102876,12,8573.0,A,1682
7001,9859,300600,60,5010.0,C,1682
6677,8169,97980,60,1633.0,C,1684
6665,8114,99300,60,1655.0,C,1687
5817,4127,100800,24,4200.0,D,1687
6984,9730,116040,60,1934.0,C,1687
6541,7565,153504,48,3198.0,C,1689
5117,718,76944,12,6412.0,A,1692
6097,5362,202848,48,4226.0,C,1693
5389,2165,78600,24,3275.0,C,1694
7219,10905,57120,48,1190.0,C,1695
6338,6592,390660,60,6511.0,C,1696
6922,9424,83628,36,2323.0,C,1698
5367,2064,83628,36,2323.0,C,1698
5638,3249,68124,12,5677.0,A,1699
5830,4190,405780,60,6763.0,C,1700
5338,1888,57360,12,4780.0,B,1702
6007,4949,289920,48,6040.0,C,1702
6612,7907,97392,12,8116.0,A,1703
5718,3637,14028,12,1169.0,A,1704
6104,5395,158184,36,4394.0,C,1708
5229,1329,23520,12,1960.0,A,1709
6625,7966,473280,60,7888.0,D,1710
5206,1242,128544,24,5356.0,C,1710
5963,4746,204780,60,3413.0,C,1710
4990,110,162576,36,4516.0,C,1711
6641,8026,128268,36,3563.0,C,1712
5369,2080,214596,36,5961.0,C,1715
6196,5837,177804,36,4939.0,C,1717
5236,1374,389136,48,8107.0,C,1718
5719,3664,271584,48,5658.0,C,1723
5643,3273,94512,12,7876.0,B,1724
7050,10065,311232,48,6484.0,C,1726
6355,6699,127200,48,2650.0,C,1727
6688,8268,8616,24,359.0,C,1729
6239,6083,360864,48,7518.0,D,1731
5531,2753,66432,24,2768.0,C,1733
6113,5445,78696,36,2186.0,C,1734
7181,10679,197808,24,8242.0,C,1735
6118,5477,349392,48,7279.0,C,1737
7264,11141,44940,12,3745.0,A,1740
5343,1906,44952,24,1873.0,C,1741
5051,378,230400,60,3840.0,C,1744
5779,3942,107352,36,2982.0,C,1747
6605,7890,79344,48,1653.0,C,1747
6655,8085,260400,60,4340.0,D,1750
6534,7542,590820,60,9847.0,C,1752
5681,3448,68664,24,2861.0,C,1753
6607,7894,153144,36,4254.0,C,1754
6242,6097,26208,36,728.0,C,1755
7242,11027,48096,24,2004.0,C,1756
7277,11231,89280,12,7440.0,A,1757
6675,8158,238716,36,6631.0,C,1765
5398,2187,53472,12,4456.0,A,1768
5956,4725,168264,36,4674.0,C,1768
5731,3711,460980,60,7683.0,D,1769
6956,9631,59448,24,2477.0,C,1773
6437,7052,63972,36,1777.0,D,1773
5447,2335,541200,60,9020.0,D,1776
5973,4784,219456,48,4572.0,C,1788
6075,5267,129312,24,5388.0,D,1790
5281,1580,194256,24,8094.0,C,1791
5103,666,12540,12,1045.0,A,1792
6468,7176,203940,60,3399.0,C,1794
7209,10857,385560,60,6426.0,D,1794
5584,2986,24792,24,1033.0,C,1800
4988,103,265320,36,7370.0,D,1800
6502,7424,30276,12,2523.0,A,1802
5651,3329,19248,12,1604.0,A,1802
4962,25,30276,12,2523.0,A,1802
5862,4342,100128,24,4172.0,C,1803
7199,10789,45768,12,3814.0,A,1803
6727,8505,42840,12,3570.0,A,1804
7279,11244,155760,24,6490.0,C,1805
6544,7594,130464,48,2718.0,C,1805
5933,4631,87528,24,3647.0,C,1807
6574,7745,77544,36,2154.0,C,1814
6399,6902,49320,36,1370.0,C,1815
7187,10711,24180,60,403.0,C,1818
6353,6686,116496,24,4854.0,C,1819
5043,339,468060,60,7801.0,C,1819
5469,2445,293160,60,4886.0,C,1820
5976,4794,465504,48,9698.0,D,1821
6059,5196,79824,12,6652.0,A,1822
5799,4052,106128,36,2948.0,C,1822
6147,5602,177504,48,3698.0,C,1822
6254,6157,247920,48,5165.0,C,1822
7100,10280,348120,60,5802.0,C,1825
7147,10478,267600,48,5575.0,C,1827
5909,4550,61320,60,1022.0,C,1828
7037,10022,218064,48,4543.0,C,1828
5782,3953,63576,12,5298.0,C,1829
6237,6075,407952,48,8499.0,D,1831
6552,7632,170448,48,3551.0,C,1833
7067,10134,136368,24,5682.0,C,1836
5320,1819,143676,36,3991.0,C,1836
5930,4616,66696,24,2779.0,C,1837
6486,7240,152160,60,2536.0,C,1840
5245,1407,125472,24,5228.0,C,1842
6643,8038,35856,24,1494.0,C,1843
5260,1480,123300,36,3425.0,C,1844
5569,2936,504000,60,8400.0,C,1845
7110,10345,31260,12,2605.0,C,1846
7139,10445,23412,12,1951.0,C,1847
6791,8926,566640,60,9444.0,C,1848
5360,2035,176328,36,4898.0,C,1850
5287,1638,64224,24,2676.0,C,1851
6553,7636,42384,12,3532.0,C,1851
7072,10148,22104,12,1842.0,C,1852
6044,5133,57060,12,4755.0,C,1852
5332,1869,37944,36,1054.0,C,1854
6866,9201,122472,24,5103.0,C,1861
6633,7997,160656,24,6694.0,C,1861
6926,9455,374760,60,6246.0,C,1863
6442,7082,194160,48,4045.0,C,1864
5889,4456,321240,60,5354.0,C,1865
5765,3875,153936,24,6414.0,C,1866
5124,785,156096,36,4336.0,C,1868
5491,2545,428784,48,8933.0,C,1869
6730,8523,93036,12,7753.0,C,1871
7151,10493,133800,24,5575.0,C,1874
5140,873,178500,60,2975.0,C,1880
7171,10650,196224,48,4088.0,C,1880
6568,7713,220440,60,3674.0,C,1881
6861,9179,215040,60,3584.0,C,1884
6855,9153,52236,36,1451.0,C,1885
7129,10404,194280,60,3238.0,C,1885
5384,2142,23328,12,1944.0,C,1891
6859,9167,272220,60,4537.0,C,1891
5772,3906,334620,60,5577.0,C,1892
5665,3390,40632,12,3386.0,C,1895
6495,7274,49044,12,4087.0,C,1896
5061,440,84288,48,1756.0,C,1897
6948,9560,157068,36,4363.0,C,1899
5773,3907,133848,24,5577.0,C,1900
6052,5164,22356,36,621.0,C,1907
6682,8225,36204,12,3017.0,D,1914
6083,5305,240528,48,5011.0,C,1915
6962,9646,279072,48,5814.0,C,1917
5158,1004,188532,36,5237.0,C,1926
6464,7156,49488,24,2062.0,C,1931
5172,1083,50976,36,1416.0,C,1931
5582,2982,41256,12,3438.0,C,1932
6136,5572,140880,60,2348.0,C,1934
6235,6062,321360,60,5356.0,C,1934
6508,7437,110736,48,2307.0,C,1934
4968,38,110736,48,2307.0,C,1934
6632,7990,144960,48,3020.0,C,1938
7195,10774,339168,48,7066.0,C,1938
5525,2720,93888,36,2608.0,C,1942
6320,6495,104964,12,8747.0,C,1943
6766,8784,74352,24,3098.0,C,1943
6872,9227,191580,60,3193.0,C,1944
5906,4533,81144,36,2254.0,C,1950
7172,10652,45720,12,3810.0,C,1952
6571,7733,140064,24,5836.0,C,1957
5616,3143,130896,24,5454.0,C,1960
6312,6453,10944,36,304.0,C,1962
6470,7181,49872,12,4156.0,C,1962
5147,938,22260,60,371.0,C,1966
5501,2622,136344,24,5681.0,C,1966
6436,7049,495180,60,8253.0,C,1967
5699,3562,174960,24,7290.0,C,1969
5313,1776,43200,24,1800.0,C,1972
6234,6061,5148,12,429.0,C,1973
6569,7721,45456,12,3788.0,C,1973
7202,10812,140688,48,2931.0,C,1974
5683,3460,140688,48,2931.0,C,1974
5034,303,112752,36,3132.0,C,1975
5435,2279,314688,48,6556.0,C,1977
5815,4116,151200,36,4200.0,C,1979
5589,3005,390000,48,8125.0,C,1981
6746,8639,185640,60,3094.0,C,1982
6790,8919,76104,24,3171.0,C,1984
6857,9159,69600,48,1450.0,C,1984
6450,7099,234336,48,4882.0,C,1986
7221,10915,152460,60,2541.0,C,1987
5527,2728,156420,60,2607.0,C,1991
5620,3161,30012,12,2501.0,C,1992
6215,5944,78720,48,1640.0,C,1994
7167,10644,269964,36,7499.0,C,1994
5823,4144,212976,36,5916.0,C,1997
6207,5912,184620,60,3077.0,C,1999
6932,9491,225504,48,4698.0,C,2001
5669,3403,71820,36,1995.0,C,2003
5154,993,108720,60,1812.0,C,2007
7168,10645,208332,36,5787.0,C,2011
5585,2988,88608,12,7384.0,C,2014
7200,10799,31140,60,519.0,C,2017
6539,7559,12792,12,1066.0,C,2017
5774,3916,96984,36,2694.0,C,2018
6357,6706,64860,60,1081.0,C,2018
5042,330,331584,48,6908.0,C,2018
5015,226,109344,12,9112.0,C,2018
5354,2000,290820,60,4847.0,C,2020
6054,5180,58764,12,4897.0,C,2022
7295,11328,280440,60,4674.0,C,2024
5365,2055,271260,60,4521.0,C,2025
6755,8713,170700,60,2845.0,C,2030
5991,4858,335184,48,6983.0,D,2033
7035,10005,210744,36,5854.0,C,2035
5893,4467,86184,36,2394.0,C,2040
7164,10613,249792,48,5204.0,C,2052
5304,1718,172272,24,7178.0,C,2057
5561,2910,437460,60,7291.0,C,2066
5520,2699,231168,48,4816.0,C,2067
5241,1389,125472,24,5228.0,C,2070
7096,10257,37812,12,3151.0,C,2070
6078,5283,170832,48,3559.0,C,2077
5046,349,42816,12,3568.0,C,2077
5334,1876,209040,24,8710.0,C,2078
6969,9673,88200,36,2450.0,C,2080
6821,9037,321936,48,6707.0,C,2083
5760,3862,74916,36,2081.0,C,2086
5614,3137,253560,60,4226.0,C,2089
7091,10243,113436,36,3151.0,C,2090
5698,3556,174840,60,2914.0,C,2090
5169,1068,253200,60,4220.0,C,2092
7294,11327,39168,24,1632.0,C,2095
5318,1808,385584,48,8033.0,C,2098
5368,2073,44640,24,1860.0,C,2103
6923,9433,44640,24,1860.0,C,2103
5463,2413,17952,12,1496.0,C,2104
5265,1498,165780,60,2763.0,C,2105
6321,6505,38496,12,3208.0,C,2106
5226,1318,185544,36,5154.0,C,2109
6868,9208,82128,24,3422.0,C,2110
4967,37,318480,60,5308.0,D,2112
5293,1656,189792,48,3954.0,C,2127
5865,4354,327660,60,5461.0,C,2128
5841,4268,41988,12,3499.0,C,2133
5526,2725,69624,36,1934.0,C,2137
6852,9140,16032,48,334.0,C,2139
6469,7180,99744,24,4156.0,C,2146
6168,5698,99216,36,2756.0,C,2150
7292,11317,317460,60,5291.0,C,2151
5036,309,91248,48,1901.0,C,2154
5644,3293,276084,36,7669.0,C,2156
6856,9156,163332,36,4537.0,C,2160
5428,2262,230220,36,6395.0,C,2161
5027,276,160920,36,4470.0,C,2161
4989,105,352704,48,7348.0,C,2164
5221,1284,52512,12,4376.0,C,2164
6402,6922,139488,24,5812.0,C,2165
5346,1928,55632,24,2318.0,C,2165
6748,8645,240900,60,4015.0,C,2167
